{"formatted":[[0.0,0.0],[3.6161482334137,0.0376697368919849],[7.34530019760132,-0.0376661606132984],[11.9784917831421,-0.452018946409225],[17.0636978149414,-0.414349228143692],[21.395544052124,-0.339013338088989],[24.4090003967285,0.263677448034286],[26.6314220428467,2.1470890045166],[27.6107959747314,3.95516133308411],[27.6861305236816,5.95157718658447],[26.8950996398926,6.93095064163208],[25.5013771057129,7.11929035186768],[23.5049629211426,7.45830535888672],[21.9605655670166,8.02332782745361],[20.5668411254883,8.88969707489014],[19.1354484558105,10.1327476501465],[18.2314147949219,11.3381309509277],[17.7040596008301,12.8448581695557],[17.7417259216309,13.786563873291],[18.118408203125,14.6152639389038],[18.9847774505615,15.481635093689],[20.2278270721436,15.8206472396851],[22.2619113922119,16.0466556549072],[23.5802993774414,17.1390380859375],[24.8610172271729,18.3067493438721],[26.4807510375977,20.303165435791],[27.4601230621338,22.1865768432617],[27.2341136932373,23.3919582366943],[26.5184211730957,24.0699863433838],[24.8233509063721,24.2206573486328],[22.0735702514648,24.3336639404297],[18.9094409942627,24.4466686248779],[15.4439640045166,24.2959957122803],[11.1497898101807,24.2959957122803],[8.21166801452637,24.4089984893799],[4.52018594741821,24.4089984893799],[2.03408360481262,24.4089984893799],[0.527354896068573,24.2959957122803],[-1.13004553318024,23.994649887085],[-2.33542895317078,23.3542900085449],[-3.27713298797607,22.4879207611084],[-3.7291522026062,21.1695346832275],[-3.95516133308411,18.9094429016113],[-3.76681995391846,16.7623538970947],[-3.39013862609863,14.2009153366089],[-3.27713298797607,12.1668319702148],[-3.27713298797607,10.6601028442383],[-3.35246872901917,8.7390251159668],[-3.20179724693298,6.7049412727356],[-2.78744602203369,4.70852565765381],[-2.67444229125977,2.56143832206726],[-2.26009106636047,1.20538151264191],[-1.43139100074768,0.489688724279404]],"raw":[[-145.214385986328,536.642883300781],[-83.5000915527344,536.0],[-19.8572387695312,537.285705566406],[59.2142333984375,544.357177734375],[145.999938964844,543.714294433594],[219.928527832031,542.428588867188],[271.357116699219,532.142883300781],[309.28564453125,500.0],[325.999938964844,469.142883300781],[327.28564453125,435.071441650391],[313.78564453125,418.357147216797],[289.999938964844,415.142883300781],[255.928527832031,409.357147216797],[229.571350097656,399.714294433594],[205.78564453125,384.928588867188],[181.357055664062,363.714294433594],[165.928527832031,343.142852783203],[156.928527832031,317.428588867188],[157.571350097656,301.357147216797],[163.999938964844,287.214294433594],[178.78564453125,272.428558349609],[199.999938964844,266.642852783203],[234.714233398438,262.785705566406],[257.214233398438,244.142837524414],[279.071350097656,224.214279174805],[306.714233398438,190.142837524414],[323.428527832031,157.999969482422],[319.571350097656,137.42854309082],[307.357116699219,125.857116699219],[278.428527832031,123.285690307617],[231.499938964844,121.357116699219],[177.499938964844,119.42854309082],[118.357055664062,121.999969482422],[45.0713500976562,121.999969482422],[-5.071533203125,120.071395874023],[-68.0715026855469,120.071395874023],[-110.500091552734,120.071395874023],[-136.214385986328,121.999969482422],[-164.500091552734,127.142837524414],[-185.071533203125,138.071395874023],[-201.142944335938,152.857116699219],[-208.857238769531,175.357116699219],[-212.714385986328,213.92854309082],[-209.500091552734,250.571426391602],[-203.071533203125,294.285705566406],[-201.142944335938,329.0],[-201.142944335938,354.714294433594],[-202.428649902344,387.5],[-199.857238769531,422.214294433594],[-192.785797119141,456.285736083984],[-190.857238769531,492.928588867188],[-183.785797119141,516.071472167969],[-169.642944335938,528.285705566406]],"ruler":[[234.714233398438,339.928588867188],[-285.464294433594,338.321411132812]],"scale":{"unit":1,"value":"100.0"}}