{"formatted":[[0.0,0.0],[11.8640031814575,0.123588383197784],[24.0987548828125,-0.123576648533344],[39.2995147705078,-1.48300182819366],[55.9832649230957,-1.35941350460052],[70.1953506469727,-1.11224842071533],[80.0820236206055,0.865083456039429],[87.3734359741211,7.04425573348999],[90.5866012573242,12.9762516021729],[90.8337631225586,19.5261726379395],[88.2385177612305,22.7393398284912],[83.6659393310547,23.3572521209717],[77.1160202026367,24.4695072174072],[72.0491027832031,26.3232555389404],[67.4765167236328,29.1656723022461],[62.780345916748,33.2439231872559],[59.8143501281738,37.1985931396484],[58.0841827392578,42.1419219970703],[58.207763671875,45.2315101623535],[59.4435997009277,47.9503440856934],[62.2860145568848,50.7927665710449],[66.3642654418945,51.9050140380859],[73.0377655029297,52.6465110778809],[77.3631896972656,56.2304382324219],[81.5650177001953,60.0615158081055],[86.8791046142578,66.611442565918],[90.0922698974609,72.7906036376953],[89.3507690429688,76.7452697753906],[87.0026931762695,78.9697723388672],[81.4414367675781,79.4641036987305],[72.4198532104492,79.8348541259766],[62.0388488769531,80.2056045532227],[50.6691741943359,79.7112731933594],[36.5806770324707,79.7112731933594],[26.9411678314209,80.0820159912109],[14.8300065994263,80.0820159912109],[6.67350292205811,80.0820159912109],[1.73016691207886,79.7112731933594],[-3.70749878883362,78.7226104736328],[-7.66216897964478,76.6216888427734],[-10.7517490386963,73.7792663574219],[-12.2347507476807,69.4538497924805],[-12.9762516021729,62.0388565063477],[-12.3583335876465,54.9946022033691],[-11.1225023269653,46.5909309387207],[-10.7517490386963,39.9174270629883],[-10.7517490386963,34.9740905761719],[-10.9989137649536,28.6713428497314],[-10.504584312439,21.997838973999],[-9.14516448974609,15.4479188919067],[-8.77441692352295,8.4036693572998],[-7.41499757766724,3.95466375350952],[-4.69616460800171,1.60659027099609]],"raw":[[-145.214385986328,536.642883300781],[-83.5000915527344,536.0],[-19.8572387695312,537.285705566406],[59.2142333984375,544.357177734375],[145.999938964844,543.714294433594],[219.928527832031,542.428588867188],[271.357116699219,532.142883300781],[309.28564453125,500.0],[325.999938964844,469.142883300781],[327.28564453125,435.071441650391],[313.78564453125,418.357147216797],[289.999938964844,415.142883300781],[255.928527832031,409.357147216797],[229.571350097656,399.714294433594],[205.78564453125,384.928588867188],[181.357055664062,363.714294433594],[165.928527832031,343.142852783203],[156.928527832031,317.428588867188],[157.571350097656,301.357147216797],[163.999938964844,287.214294433594],[178.78564453125,272.428558349609],[199.999938964844,266.642852783203],[234.714233398438,262.785705566406],[257.214233398438,244.142837524414],[279.071350097656,224.214279174805],[306.714233398438,190.142837524414],[323.428527832031,157.999969482422],[319.571350097656,137.42854309082],[307.357116699219,125.857116699219],[278.428527832031,123.285690307617],[231.499938964844,121.357116699219],[177.499938964844,119.42854309082],[118.357055664062,121.999969482422],[45.0713500976562,121.999969482422],[-5.071533203125,120.071395874023],[-68.0715026855469,120.071395874023],[-110.500091552734,120.071395874023],[-136.214385986328,121.999969482422],[-164.500091552734,127.142837524414],[-185.071533203125,138.071395874023],[-201.142944335938,152.857116699219],[-208.857238769531,175.357116699219],[-212.714385986328,213.92854309082],[-209.500091552734,250.571426391602],[-203.071533203125,294.285705566406],[-201.142944335938,329.0],[-201.142944335938,354.714294433594],[-202.428649902344,387.5],[-199.857238769531,422.214294433594],[-192.785797119141,456.285736083984],[-190.857238769531,492.928588867188],[-183.785797119141,516.071472167969],[-169.642944335938,528.285705566406]],"ruler":[[234.714233398438,339.928588867188],[-285.464294433594,338.321411132812]],"scale":{"unit":0,"value":"100.0"}}