{"formatted":[[0.0,0.0],[5.75976514816284,3.55389761924744],[21.2008380889893,4.28918695449829],[94.2395629882812,5.51466846466064],[102.327743530273,1.59312653541565],[103.55322265625,-5.02447605133057],[101.102256774902,-10.1715002059937],[94.4846572875977,-12.3773679733276],[9.43621063232422,-12.867561340332],[2.3284158706665,-11.1518859863281],[-1.1029337644577,-6.24995803833008]],"raw":[[-397.0,269.0],[-350.0,240.0],[-224.0,234.0],[372.0,224.0],[438.0,256.0],[448.0,310.0],[428.0,352.0],[374.0,370.0],[-320.0,374.0],[-378.0,360.0],[-406.0,320.0]],"ruler":[[430.0,301.0],[-386.0,304.0]],"scale":{"unit":0,"value":"100.0"}}